<?xml version="1.0" encoding="UTF-8" standalone="yes"?>
<manifest>
  <control namespace="SignPCF" constructor="PenInput1" version="0.0.8" display-name-key="PenInput1" description-key="PenInput1 description" control-type="virtual" api-version="1.3.5">
    <external-service-usage enabled="false"/>
    <property name="PenInput1" display-name-key="PenInput1" description-key="PenInput1_Desc" of-type="Multiple" usage="bound" required="true"/>
    <resources>
      <code path="bundle.js" order="1"/>
      <platform-library name="React" version="16.8.6"/>
      <platform-library name="Fluent" version="8.29.0"/>
    </resources>
    <built-by name="pac" version="1.21.8"/>
  </control>
</manifest>